1,Paul,Miller,Male,pmiller0@alibaba.com,Russia,Nuclear Power Engineer
2,Rose,Wagner,Female,rwagner1@unesco.org,Bulgaria,Actuary
3,Linda,Parker,Female,lparker2@yellowpages.com,Ethiopia,Analyst Programmer
4,Eugene,Cox,Male,ecox3@usa.gov,Russia,Payment Adjustment Coordinator
5,Sara,Cook,Female,scook4@home.pl,China,VP Accounting
6,Joyce,Nichols,Female,jnichols5@bandcamp.com,Niger,Computer Systems Analyst IV
7,Adam,Hernandez,Male,ahernandez6@ted.com,Serbia,Associate Professor
8,Roger,Garcia,Male,rgarcia7@usnews.com,Russia,Assistant Professor
9,Mark,Nelson,Male,mnelson8@dailymail.co.uk,Portugal,Executive Secretary
10,Kimberly,Mills,Female,kmills9@washingtonpost.com,China,Quality Control Specialist
11,Jeremy,Johnston,Male,jjohnstona@sitemeter.com,Philippines,Electrical Engineer
12,Norma,Gilbert,Female,ngilbertb@technorati.com,United States,Human Resources Manager
13,Margaret,Edwards,Female,medwardsc@angelfire.com,Czech Republic,Sales Representative
14,Paul,Adams,Male,padamsd@amazonaws.com,Peru,Account Representative IV
15,Betty,Henry,Female,bhenrye@senate.gov,China,VP Product Management
16,Robert,Mendoza,Male,rmendozaf@mail.ru,China,Human Resources Manager
17,Beverly,Payne,Female,bpayneg@fema.gov,Philippines,Information Systems Manager
18,Joseph,George,Male,jgeorgeh@nps.gov,Brazil,Food Chemist
19,Katherine,Wheeler,Female,kwheeleri@simplemachines.org,China,Mechanical Systems Engineer
20,Chris,Robertson,Male,crobertsonj@imageshack.us,Argentina,Research Assistant III
21,Earl,Franklin,Male,efranklink@engadget.com,Indonesia,Technical Writer
22,Daniel,Snyder,Male,dsnyderl@thetimes.co.uk,Tajikistan,Administrative Officer
23,Margaret,Lawrence,Female,mlawrencem@lulu.com,Pakistan,Account Executive
24,Cheryl,Kennedy,Female,ckennedyn@comsenz.com,Indonesia,Community Outreach Specialist
25,Earl,Nichols,Male,enicholso@hatena.ne.jp,Portugal,Quality Control Specialist
26,Doris,Peterson,Female,dpetersonp@nationalgeographic.com,Morocco,Civil Engineer
27,Willie,Morrison,Male,wmorrisonq@discovery.com,Paraguay,Civil Engineer
28,Lois,James,Female,ljamesr@ihg.com,Poland,VP Sales
29,Cynthia,Campbell,Female,ccampbells@cloudflare.com,China,Actuary
30,Christine,Wagner,Female,cwagnert@cdc.gov,China,Quality Control Specialist
31,Theresa,Hicks,Female,thicksu@sun.com,Hungary,Nurse
32,Gregory,Morris,Male,gmorrisv@pcworld.com,China,Engineer III
33,Jessica,Reynolds,Female,jreynoldsw@usa.gov,Philippines,Quality Engineer
34,Maria,Murphy,Female,mmurphyx@so-net.ne.jp,China,Structural Engineer
35,Jerry,Spencer,Male,jspencery@soup.io,Portugal,Senior Sales Associate
36,Henry,Payne,Male,hpaynez@wikipedia.org,Chile,Nurse Practicioner
37,Earl,Wood,Male,ewood10@fda.gov,Indonesia,Analog Circuit Design manager
38,Paula,Morales,Female,pmorales11@dyndns.org,Serbia,Biostatistician II
39,Carlos,Nichols,Male,cnichols12@google.com.hk,Philippines,Desktop Support Technician
40,Randy,Ross,Male,rross13@1und1.de,Mexico,Human Resources Assistant I
41,Christina,Porter,Female,cporter14@home.pl,Greece,Office Assistant III
42,Phyllis,Powell,Female,ppowell15@mtv.com,Brazil,Engineer III
43,Amy,King,Female,aking16@elegantthemes.com,Panama,Registered Nurse
44,Evelyn,Romero,Female,eromero17@utexas.edu,United Kingdom,Nurse Practicioner
45,Eric,Allen,Male,eallen18@example.com,Ukraine,Systems Administrator III
46,Lillian,Stephens,Female,lstephens19@domainmarket.com,Poland,Account Executive
47,Jason,White,Male,jwhite1a@opensource.org,Albania,VP Quality Control
48,Antonio,Miller,Male,amiller1b@exblog.jp,Uzbekistan,Information Systems Manager
49,Katherine,Williams,Female,kwilliams1c@mashable.com,Sweden,VP Quality Control
50,Victor,Lynch,Male,vlynch1d@bandcamp.com,Brazil,Help Desk Technician
51,Timothy,Harrison,Male,tharrison1e@google.com.br,Republic of the Congo,Senior Quality Engineer
52,Bobby,Evans,Male,bevans1f@gnu.org,China,Research Associate
53,Tammy,Morrison,Female,tmorrison1g@goodreads.com,Gambia,Account Executive
54,Susan,Cruz,Female,scruz1h@printfriendly.com,Philippines,Nuclear Power Engineer
55,Daniel,Fuller,Male,dfuller1i@canalblog.com,Pakistan,Marketing Assistant
56,Richard,Ford,Male,rford1j@dedecms.com,Brazil,Speech Pathologist
57,Bobby,Romero,Male,bromero1k@scribd.com,Poland,Physical Therapy Assistant
58,Alan,Fisher,Male,afisher1l@google.nl,China,Occupational Therapist
59,Ryan,Ortiz,Male,rortiz1m@google.cn,Peru,Graphic Designer
60,Brandon,Vasquez,Male,bvasquez1n@dedecms.com,United States,Sales Associate
61,Philip,Turner,Male,pturner1o@instagram.com,Singapore,Nuclear Power Engineer
62,Edward,Boyd,Male,eboyd1p@msn.com,Indonesia,Project Manager
63,Joshua,Morgan,Male,jmorgan1q@mit.edu,Mongolia,Biostatistician II
64,Douglas,Nichols,Male,dnichols1r@ftc.gov,China,Software Consultant
65,Jessica,Banks,Female,jbanks1s@com.com,Czech Republic,Chemical Engineer
66,Scott,Davis,Male,sdavis1t@storify.com,China,Structural Engineer
67,Nancy,Jones,Female,njones1u@blogtalkradio.com,Indonesia,Civil Engineer
68,Kathleen,Lynch,Female,klynch1v@usnews.com,Yemen,Data Coordiator
69,Clarence,Allen,Male,callen1w@livejournal.com,Malaysia,Database Administrator IV
70,Kevin,Bailey,Male,kbailey1x@sina.com.cn,China,Editor
71,Patrick,Murphy,Male,pmurphy1y@harvard.edu,Russia,Software Consultant
72,Michelle,Bradley,Female,mbradley1z@comcast.net,Libya,Geological Engineer
73,Teresa,Reyes,Female,treyes20@bbb.org,China,Office Assistant I
74,Anthony,Woods,Male,awoods21@yahoo.co.jp,Czech Republic,Occupational Therapist
75,Judy,Richardson,Female,jrichardson22@twitpic.com,Peru,Chief Design Engineer
76,Philip,Allen,Male,pallen23@people.com.cn,Brazil,Help Desk Technician
77,Susan,Hawkins,Female,shawkins24@marketwatch.com,Poland,Nuclear Power Engineer
78,Wayne,Myers,Male,wmyers25@geocities.jp,Philippines,Geological Engineer
79,Harold,Day,Male,hday26@mysql.com,China,Geological Engineer
80,Christine,Henry,Female,chenry27@fastcompany.com,China,Quality Control Specialist
81,Adam,Fuller,Male,afuller28@sun.com,Guatemala,Paralegal
82,Carl,Jordan,Male,cjordan29@yandex.ru,Portugal,Geologist IV
83,Judy,Ortiz,Female,jortiz2a@plala.or.jp,Dominican Republic,Environmental Specialist
84,Debra,Carroll,Female,dcarroll2b@google.de,United States,Director of Sales
85,Debra,Harper,Female,dharper2c@lycos.com,Czech Republic,Dental Hygienist
86,Joe,Bowman,Male,jbowman2d@mediafire.com,China,Geological Engineer
87,Melissa,Stone,Female,mstone2e@reddit.com,Croatia,Programmer I
88,Henry,Morgan,Male,hmorgan2f@prweb.com,Ireland,Analog Circuit Design manager
89,Jerry,Taylor,Male,jtaylor2g@w3.org,Portugal,Financial Advisor
90,Edward,Snyder,Male,esnyder2h@wp.com,Sweden,VP Marketing
91,Janice,Patterson,Female,jpatterson2i@tumblr.com,Ethiopia,Senior Quality Engineer
92,Jeffrey,Patterson,Male,jpatterson2j@independent.co.uk,China,Budget/Accounting Analyst I
93,Timothy,Gilbert,Male,tgilbert2k@cafepress.com,Indonesia,Account Executive
94,Christina,Price,Female,cprice2l@digg.com,China,Automation Specialist III
95,Steven,Mcdonald,Male,smcdonald2m@hhs.gov,Greece,Web Designer IV
96,Stephanie,Mccoy,Female,smccoy2n@independent.co.uk,Finland,Senior Quality Engineer
97,Joyce,Frazier,Female,jfrazier2o@newyorker.com,Canada,Director of Sales
98,Howard,Evans,Male,hevans2p@disqus.com,United States,Analog Circuit Design manager
99,Juan,Sims,Male,jsims2q@jugem.jp,Russia,Accounting Assistant II
100,Cheryl,Murray,Female,cmurray2r@msu.edu,Peru,Senior Financial Analyst
