Andrea,Mcdonald,amcdonald0@google.ru,22 Dwight Pass,Serbia
Norma,Marshall,nmarshall1@ebay.co.uk,16830 Del Mar Hill,China
Jessica,Gardner,jgardner2@ed.gov,2621 Melvin Lane,Pakistan
Mildred,Ward,mward3@domainmarket.com,9686 Hauk Terrace,Greece
Sarah,Young,syoung4@paginegialle.it,14 Oak Road,Croatia
Kathleen,Bailey,kbailey5@ning.com,1109 Grayhawk Avenue,China
Diane,Stevens,dstevens6@time.com,874 Union Plaza,Guatemala
Carol,Perkins,cperkins7@comsenz.com,158 Spenser Court,China
Linda,Schmidt,lschmidt8@jugem.jp,34024 High Crossing Avenue,Philippines
Jimmy,Dunn,jdunn9@senate.gov,8872 Darwin Court,Ghana
Peter,Harper,pharpera@guardian.co.uk,026 Mallory Parkway,China
Tina,Fowler,tfowlerb@diigo.com,5 Arapahoe Avenue,Benin
Laura,Lopez,llopezc@google.co.jp,718 Schmedeman Court,Denmark
Judy,Mendoza,jmendozad@bloglovin.com,9 Nelson Avenue,Netherlands
Bruce,Henderson,bhendersone@icq.com,3 Stephen Trail,Russia
Justin,Austin,jaustinf@sbwire.com,10109 Bay Avenue,Serbia
Amy,Johnston,ajohnstong@de.vu,88 Main Drive,China
Judy,Lawrence,jlawrenceh@businessinsider.com,39757 Rockefeller Avenue,Cuba
Patrick,Castillo,pcastilloi@ameblo.jp,56 Buell Drive,China
Martha,Austin,maustinj@miitbeian.gov.cn,2339 6th Lane,Iran
Shirley,Snyder,ssnyderk@wikispaces.com,1 Badeau Lane,Bulgaria
Philip,Martinez,pmartinezl@unicef.org,43 Menomonie Plaza,Mexico
Martha,Evans,mevansm@godaddy.com,6181 Westport Avenue,Canada
Anthony,Butler,abutlern@linkedin.com,333 Thompson Terrace,China
Bonnie,Ward,bwardo@example.com,2157 Monica Terrace,Portugal
Ashley,Gardner,agardnerp@loc.gov,3842 4th Circle,Russia
Julie,Gonzales,jgonzalesq@networksolutions.com,33364 Spaight Parkway,Canada
Martha,Johnston,mjohnstonr@rambler.ru,78 Reindahl Pass,China
John,Burke,jburkes@unc.edu,91191 Lunder Alley,Sweden
Patrick,Peters,ppeterst@com.com,2 Cottonwood Junction,China
Denise,Gray,dgrayu@merriam-webster.com,2707 Sunfield Avenue,China
Carl,Ray,crayv@smugmug.com,4027 Grover Place,China
Justin,Patterson,jpattersonw@oakley.com,07 Stone Corner Terrace,China
Justin,James,jjamesx@elpais.com,60 Farwell Avenue,Poland
David,Moore,dmoorey@phpbb.com,280 4th Parkway,Sweden
Philip,Watkins,pwatkinsz@accuweather.com,06269 6th Court,Indonesia
Frances,Ramos,framos10@blogspot.com,6496 Hudson Parkway,France
Kelly,Bennett,kbennett11@digg.com,52054 Southridge Hill,Costa Rica
Craig,Ortiz,cortiz12@businessinsider.com,8 Arapahoe Junction,France
Cynthia,Pierce,cpierce13@reverbnation.com,51 Twin Pines Way,Luxembourg
Kathy,Butler,kbutler14@cargocollective.com,06 Dunning Place,China
Ashley,Ryan,aryan15@aol.com,4 Moose Road,China
Anthony,Hanson,ahanson16@yandex.ru,9 Veith Court,Japan
Richard,Griffin,rgriffin17@drupal.org,312 5th Circle,Indonesia
Elizabeth,Nguyen,enguyen18@nps.gov,27053 Corry Terrace,Argentina
Elizabeth,Ford,eford19@blog.com,2115 Bowman Terrace,United States
Walter,Ryan,wryan1a@hibu.com,47 Northport Point,Indonesia
Kathleen,Miller,kmiller1b@sbwire.com,4 Bay Pass,Japan
Julie,Simpson,jsimpson1c@opera.com,40274 Ridgeway Trail,Serbia
Scott,Cooper,scooper1d@msu.edu,3 Lighthouse Bay Street,Japan
Kimberly,Stanley,kstanley1e@g.co,0281 Everett Hill,Indonesia
Christina,Gilbert,cgilbert1f@instagram.com,9 Meadow Valley Street,Brazil
Scott,Olson,solson1g@nps.gov,788 North Trail,Indonesia
Robert,Green,rgreen1h@twitter.com,1434 Knutson Drive,Czech Republic
Peter,Day,pday1i@tmall.com,799 Meadow Vale Trail,Guatemala
Sara,Owens,sowens1j@kickstarter.com,8 Goodland Hill,Sweden
Irene,Griffin,igriffin1k@smh.com.au,565 Hermina Way,Iceland
Diana,Elliott,delliott1l@multiply.com,5 Amoth Road,Peru
Kevin,Walker,kwalker1m@si.edu,990 Heffernan Avenue,Germany
Jean,Olson,jolson1n@samsung.com,1391 Clarendon Avenue,Poland
Jerry,Schmidt,jschmidt1o@unblog.fr,37904 Marcy Hill,Germany
Randy,Martin,rmartin1p@arstechnica.com,49643 8th Alley,Czech Republic
Larry,Bailey,lbailey1q@alexa.com,227 Hanson Terrace,Czech Republic
Edward,Berry,eberry1r@123-reg.co.uk,0 3rd Lane,Malta
Michael,Ellis,mellis1s@parallels.com,4618 Knutson Street,Mexico
Elizabeth,Ford,eford1t@nasa.gov,88 Spenser Way,Norway
Carl,Holmes,cholmes1u@uol.com.br,3984 Hansons Park,China
Janet,Berry,jberry1v@gizmodo.com,29513 Fordem Park,Tunisia
Debra,Powell,dpowell1w@sohu.com,7 Northridge Trail,Philippines
Beverly,Watkins,bwatkins1x@bravesites.com,8011 Green Ridge Junction,Russia
Ashley,Butler,abutler1y@who.int,88 Rockefeller Lane,Syria
Evelyn,Moreno,emoreno1z@blogspot.com,590 Reinke Circle,Bosnia and Herzegovina
Virginia,Russell,vrussell20@cafepress.com,96251 Mayfield Center,Indonesia
Keith,Lawson,klawson21@typepad.com,3693 Grasskamp Drive,United States
Roger,Matthews,rmatthews22@house.gov,434 Wayridge Way,China
