first_name,last_name,gender,city,state,country,email
Tammy,Patterson,Female,Orlando,Florida,United States,tpatterson0@cbslocal.com
Joan,Stone,Female,Miami,Florida,United States,jstone1@hhs.gov
Mildred,Fox,Female,Lakeland,Florida,United States,mfox2@cnet.com
Raymond,Harrison,Male,Dallas,Texas,United States,rharrison3@slideshare.net
Brandon,Burton,Male,Denver,Colorado,United States,bburton4@ftc.gov
Lisa,Harper,Female,Atlanta,Georgia,United States,lharper5@bbc.co.uk
Janice,Moreno,Female,Torrance,California,United States,jmoreno6@lycos.com
Kathy,Alexander,Female,Pensacola,Florida,United States,kalexander7@icq.com
Phyllis,Collins,Female,Saint Augustine,Florida,United States,pcollins8@123-reg.co.uk
Andrew,Kennedy,Male,El Paso,Texas,United States,akennedy9@pcworld.com
John,Wilson,Male,Saint Petersburg,Florida,United States,jwilsona@skyrock.com
Howard,Willis,Male,Whittier,California,United States,hwillisb@odnoklassniki.ru
Elizabeth,Harrison,Female,Green Bay,Wisconsin,United States,eharrisonc@earthlink.net
Larry,Williams,Male,Knoxville,Tennessee,United States,lwilliamsd@altervista.org
Russell,Larson,Male,Anaheim,California,United States,rlarsone@mail.ru
Paula,Watson,Female,Mobile,Alabama,United States,pwatsonf@plala.or.jp
Paula,Morrison,Female,Salt Lake City,Utah,United States,pmorrisong@berkeley.edu
Anthony,Ward,Male,Lafayette,Indiana,United States,awardh@loc.gov
Eric,Spencer,Male,Memphis,Tennessee,United States,espenceri@java.com
Karen,Williamson,Female,Milwaukee,Wisconsin,United States,kwilliamsonj@blogspot.com
Roy,Simpson,Male,Dayton,Ohio,United States,rsimpsonk@yandex.ru
Julie,Snyder,Female,Reston,Virginia,United States,jsnyderl@furl.net
Michael,Bryant,Male,Boulder,Colorado,United States,mbryantm@engadget.com
Roger,Hunt,Male,Cincinnati,Ohio,United States,rhuntn@hatena.ne.jp
Robert,Ramirez,Male,Chicago,Illinois,United States,rramirezo@java.com
Anthony,Gordon,Male,Denver,Colorado,United States,agordonp@ovh.net
Clarence,Peterson,Male,Wichita,Kansas,United States,cpetersonq@biblegateway.com
Raymond,Smith,Male,New York City,New York,United States,rsmithr@spotify.com
Melissa,Martin,Female,Atlanta,Georgia,United States,mmartins@bing.com
Ryan,Fisher,Male,Atlanta,Georgia,United States,rfishert@ycombinator.com
Jack,Shaw,Male,El Paso,Texas,United States,jshawu@webeden.co.uk
Thomas,Kelley,Male,Columbus,Georgia,United States,tkelleyv@skype.com
Rebecca,Young,Female,Miami,Florida,United States,ryoungw@boston.com
Douglas,Rodriguez,Male,El Paso,Texas,United States,drodriguezx@wisc.edu
Melissa,Bradley,Female,Columbus,Ohio,United States,mbradleyy@bloomberg.com
Marie,Schmidt,Female,Salt Lake City,Utah,United States,mschmidtz@paginegialle.it
Jonathan,Parker,Male,Arvada,Colorado,United States,jparker10@pinterest.com
Beverly,James,Female,Louisville,Kentucky,United States,bjames11@usatoday.com
Philip,Howell,Male,Richmond,Virginia,United States,phowell12@cdbaby.com
Aaron,Cole,Male,Trenton,New Jersey,United States,acole13@engadget.com
Joan,Black,Female,Chicago,Illinois,United States,jblack14@scribd.com
Catherine,Banks,Female,Phoenix,Arizona,United States,cbanks15@etsy.com
Angela,Ramirez,Female,Honolulu,Hawaii,United States,aramirez16@vistaprint.com
Eric,Hansen,Male,El Paso,Texas,United States,ehansen17@dropbox.com
Raymond,Weaver,Male,Decatur,Georgia,United States,rweaver18@flickr.com
Wanda,Davis,Female,Glendale,Arizona,United States,wdavis19@dagondesign.com
William,Stewart,Male,Arlington,Texas,United States,wstewart1a@constantcontact.com
Wanda,Vasquez,Female,Las Vegas,Nevada,United States,wvasquez1b@mac.com
David,Murray,Male,San Jose,California,United States,dmurray1c@google.ru
Anthony,Meyer,Male,Tacoma,Washington,United States,ameyer1d@nhs.uk
Frances,Welch,Female,College Station,Texas,United States,fwelch1e@zdnet.com
Diana,Wagner,Female,Oklahoma City,Oklahoma,United States,dwagner1f@fc2.com
Eugene,Matthews,Male,Grand Forks,North Dakota,United States,ematthews1g@bloomberg.com
Sandra,Pierce,Female,Rochester,Minnesota,United States,spierce1h@gmpg.org
Juan,Bryant,Male,Tallahassee,Florida,United States,jbryant1i@delicious.com
Stephen,Willis,Male,Corpus Christi,Texas,United States,swillis1j@pen.io
Russell,Johnson,Male,Richmond,Virginia,United States,rjohnson1k@opera.com
Fred,Boyd,Male,Austin,Texas,United States,fboyd1l@usatoday.com
Richard,Stanley,Male,Phoenix,Arizona,United States,rstanley1m@gmpg.org
Wanda,Young,Female,Tacoma,Washington,United States,wyoung1n@over-blog.com
Kevin,Ford,Male,Washington,District of Columbia,United States,kford1o@networksolutions.com
Victor,Owens,Male,El Paso,Texas,United States,vowens1p@tumblr.com
Jerry,Nguyen,Male,San Antonio,Texas,United States,jnguyen1q@hostgator.com
Juan,Reynolds,Male,Fort Worth,Texas,United States,jreynolds1r@mozilla.org
Sarah,Banks,Female,Springfield,Massachusetts,United States,sbanks1s@bandcamp.com
Benjamin,Rogers,Male,San Francisco,California,United States,brogers1t@goodreads.com
Frances,Stanley,Female,Birmingham,Alabama,United States,fstanley1u@mozilla.org
Philip,Richards,Male,Dulles,Virginia,United States,prichards1v@alexa.com
Nicholas,Foster,Male,Lincoln,Nebraska,United States,nfoster1w@rambler.ru
Marilyn,Hudson,Female,Arlington,Virginia,United States,mhudson1x@nature.com
James,Rodriguez,Male,San Antonio,Texas,United States,jrodriguez1y@goodreads.com
Barbara,Peters,Female,Miami,Florida,United States,bpeters1z@google.nl
Stephen,Hughes,Male,Santa Monica,California,United States,shughes20@eepurl.com
Frank,Moreno,Male,Pasadena,California,United States,fmoreno21@oaic.gov.au
Juan,Spencer,Male,Maple Plain,Minnesota,United States,jspencer22@seesaa.net
Robin,Cook,Female,Athens,Georgia,United States,rcook23@artisteer.com
Teresa,Carroll,Female,Dayton,Ohio,United States,tcarroll24@bloglines.com
Andrew,Adams,Male,Arlington,Virginia,United States,aadams25@amazon.com
Lillian,Chavez,Female,Arlington,Virginia,United States,lchavez26@webnode.com
Alice,Moreno,Female,Cincinnati,Ohio,United States,amoreno27@mozilla.org
Terry,Garrett,Male,Carson City,Nevada,United States,tgarrett28@hao123.com
Eric,Gonzalez,Male,El Paso,Texas,United States,egonzalez29@theglobeandmail.com
Russell,Washington,Male,Scottsdale,Arizona,United States,rwashington2a@taobao.com
Willie,Evans,Male,Petaluma,California,United States,wevans2b@census.gov
Louis,Duncan,Male,Philadelphia,Pennsylvania,United States,lduncan2c@indiatimes.com
Kevin,Garrett,Male,Corpus Christi,Texas,United States,kgarrett2d@artisteer.com
Daniel,Carr,Male,Los Angeles,California,United States,dcarr2e@list-manage.com
Diane,Hanson,Female,Saint Louis,Missouri,United States,dhanson2f@nba.com
Charles,Taylor,Male,Reno,Nevada,United States,ctaylor2g@reddit.com
Richard,Mills,Male,Omaha,Nebraska,United States,rmills2h@sphinn.com
Billy,Hawkins,Male,Miami,Florida,United States,bhawkins2i@ft.com
Jean,Arnold,Female,Dallas,Texas,United States,jarnold2j@liveinternet.ru
Jeffrey,Stanley,Male,Honolulu,Hawaii,United States,jstanley2k@paypal.com
Joshua,Schmidt,Male,Richmond,Virginia,United States,jschmidt2l@auda.org.au
Diana,Castillo,Female,Orlando,Florida,United States,dcastillo2m@last.fm
Linda,Olson,Female,Philadelphia,Pennsylvania,United States,lolson2n@mlb.com
Jacqueline,Fields,Female,Spartanburg,South Carolina,United States,jfields2o@jalbum.net
Brandon,Larson,Male,New York City,New York,United States,blarson2p@mit.edu
Rachel,Nelson,Female,Naples,Florida,United States,rnelson2q@gravatar.com
Melissa,Tucker,Female,Suffolk,Virginia,United States,mtucker2r@ezinearticles.com
